[
  { "name": "Ahmednagar", "code": "AHMEDNAGAR", "districtCode": "AHMEDNAGAR" },
  { "name": "Shevgaon", "code": "SHEVGAON", "districtCode": "AHMEDNAGAR" },
  { "name": "Shrigonda", "code": "SHRIGONDA", "districtCode": "AHMEDNAGAR" },
  { "name": "Pathardi", "code": "PATHARDI", "districtCode": "AHMEDNAGAR" },
  { "name": "Kopargaon", "code": "KOPARGAON", "districtCode": "AHMEDNAGAR" },
  { "name": "Rahata", "code": "RAHATA", "districtCode": "AHMEDNAGAR" },
  { "name": "Rahuri", "code": "RAHURI", "districtCode": "AHMEDNAGAR" },
  { "name": "Sangamner", "code": "SANGAMNER", "districtCode": "AHMEDNAGAR" },
  { "name": "Akole", "code": "AKOLE", "districtCode": "AHMEDNAGAR" },
  { "name": "Parner", "code": "PARNER", "districtCode": "AHMEDNAGAR" },
  { "name": "Jamkhed", "code": "JAMKHED", "districtCode": "AHMEDNAGAR" },

  { "name": "Akola", "code": "AKOLA", "districtCode": "AKOLA" },
  { "name": "Akot", "code": "AKOT", "districtCode": "AKOLA" },
  { "name": "Balapur", "code": "BALAPUR", "districtCode": "AKOLA" },
  { "name": "Murtijapur", "code": "MURTIJAPUR", "districtCode": "AKOLA" },
  { "name": "Patur", "code": "PATUR", "districtCode": "AKOLA" },
  { "name": "Telhara", "code": "TELHARA", "districtCode": "AKOLA" },

  { "name": "Amravati", "code": "AMRAVATI", "districtCode": "AMRAVATI" },
  { "name": "Achalpur", "code": "ACHALPUR", "districtCode": "AMRAVATI" },
  { "name": "Anjangaon Surji", "code": "ANJANGAON_SURJI", "districtCode": "AMRAVATI" },
  { "name": "Bhatkuli", "code": "BHATKULI", "districtCode": "AMRAVATI" },
  { "name": "Chandur Railway", "code": "CHANDUR_RAILWAY", "districtCode": "AMRAVATI" },
  { "name": "Chandurbazar", "code": "CHANDURBAZAR", "districtCode": "AMRAVATI" },
  { "name": "Daryapur", "code": "DARYAPUR", "districtCode": "AMRAVATI" },
  { "name": "Dhamangaon Railway", "code": "DHAMANGAON_RAILWAY", "districtCode": "AMRAVATI" },
  { "name": "Morshi", "code": "MORSHI", "districtCode": "AMRAVATI" },
  { "name": "Nandgaon Khandeshwar", "code": "NANDGAON_KHANDESHWAR", "districtCode": "AMRAVATI" },
  { "name": "Teosa", "code": "TEOSA", "districtCode": "AMRAVATI" },
  { "name": "Warud", "code": "WARUD", "districtCode": "AMRAVATI" },

  { "name": "Aurangabad", "code": "AURANGABAD", "districtCode": "AURANGABAD" },
  { "name": "Kannad", "code": "KANNAD", "districtCode": "AURANGABAD" },
  { "name": "Soegaon", "code": "SOEGAON", "districtCode": "AURANGABAD" },
  { "name": "Sillod", "code": "SILLOD", "districtCode": "AURANGABAD" },
  { "name": "Paithan", "code": "PAITHAN", "districtCode": "AURANGABAD" },
  { "name": "Gangapur", "code": "GANGAPUR", "districtCode": "AURANGABAD" },
  { "name": "Khuldabad", "code": "KHULDABAD", "districtCode": "AURANGABAD" },
  { "name": "Vaijapur", "code": "VAIJAPUR", "districtCode": "AURANGABAD" },

  { "name": "Beed", "code": "BEED", "districtCode": "BEED" },
  { "name": "Ashti", "code": "ASHTI", "districtCode": "BEED" },
  { "name": "Patoda", "code": "PATODA", "districtCode": "BEED" },
  { "name": "Georai", "code": "GEORAI", "districtCode": "BEED" },
  { "name": "Majalgaon", "code": "MAJALGAON", "districtCode": "BEED" },
  { "name": "Kaij", "code": "KAIJ", "districtCode": "BEED" },
  { "name": "Dharur", "code": "DHARUR", "districtCode": "BEED" },
  { "name": "Wadwani", "code": "WADWANI", "districtCode": "BEED" },
  { "name": "Shirur (Kasar)", "code": "SHIRUR_KASAR", "districtCode": "BEED" },

  
  { "name": "Pune City", "code": "PUNE_CITY", "districtCode": "PUNE" },
  { "name": "Haveli", "code": "HAVELI", "districtCode": "PUNE" },
  { "name": "Mulshi", "code": "MULSHI", "districtCode": "PUNE" },
  { "name": "Maval", "code": "MAVAL", "districtCode": "PUNE" },
  { "name": "Khed", "code": "KHED", "districtCode": "PUNE" },
  { "name": "Junnar", "code": "JUNNAR", "districtCode": "PUNE" },
  { "name": "Ambegaon", "code": "AMBEGAON", "districtCode": "PUNE" },
  { "name": "Shirur", "code": "SHIRUR", "districtCode": "PUNE" },
  { "name": "Daund", "code": "DAUND", "districtCode": "PUNE" },
  { "name": "Indapur", "code": "INDAPUR", "districtCode": "PUNE" },
  { "name": "Baramati", "code": "BARAMATI", "districtCode": "PUNE" },
  { "name": "Purandar", "code": "PURANDAR", "districtCode": "PUNE" },
  { "name": "Bhor", "code": "BHOR", "districtCode": "PUNE" },
  { "name": "Velhe", "code": "VELHE", "districtCode": "PUNE" },

  { "name": "Nashik", "code": "NASHIK", "districtCode": "NASHIK" },
  { "name": "Igatpuri", "code": "IGATPURI", "districtCode": "NASHIK" },
  { "name": "Dindori", "code": "DINDORI", "districtCode": "NASHIK" },
  { "name": "Kalwan", "code": "KALWAN", "districtCode": "NASHIK" },
  { "name": "Baglan", "code": "BAGLAN", "districtCode": "NASHIK" },
  { "name": "Malegaon", "code": "MALEGAON", "districtCode": "NASHIK" },
  { "name": "Nandgaon", "code": "NANDGAON", "districtCode": "NASHIK" },
  { "name": "Chandwad", "code": "CHANDWAD", "districtCode": "NASHIK" },
  { "name": "Niphad", "code": "NIPHAD", "districtCode": "NASHIK" },
  { "name": "Sinnar", "code": "SINNAR", "districtCode": "NASHIK" },
  { "name": "Yeola", "code": "YEOLA", "districtCode": "NASHIK" },
  { "name": "Deola", "code": "DEOLA", "districtCode": "NASHIK" },
  { "name": "Peint", "code": "PEINT", "districtCode": "NASHIK" },
  { "name": "Trimbakeshwar", "code": "TRIMBAKESHWAR", "districtCode": "NASHIK" },

  { "name": "Alibag", "code": "ALIBAG", "districtCode": "RAIGAD" },
  { "name": "Panvel", "code": "PANVEL", "districtCode": "RAIGAD" },
  { "name": "Uran", "code": "URAN", "districtCode": "RAIGAD" },
  { "name": "Karjat", "code": "KARJAT", "districtCode": "RAIGAD" },
  { "name": "Khalapur", "code": "KHALAPUR", "districtCode": "RAIGAD" },
  { "name": "Pen", "code": "PEN", "districtCode": "RAIGAD" },
  { "name": "Mangaon", "code": "MANGAON", "districtCode": "RAIGAD" },
  { "name": "Tala", "code": "TALA", "districtCode": "RAIGAD" },
  { "name": "Roha", "code": "ROHA", "districtCode": "RAIGAD" },
  { "name": "Mahad", "code": "MAHAD", "districtCode": "RAIGAD" },
  { "name": "Murud", "code": "MURUD", "districtCode": "RAIGAD" },

  { "name": "Ratnagiri", "code": "RATNAGIRI", "districtCode": "RATNAGIRI" },
  { "name": "Sangameshwar", "code": "SANGAMESHWAR", "districtCode": "RATNAGIRI" },
  { "name": "Lanja", "code": "LANJA", "districtCode": "RATNAGIRI" },
  { "name": "Rajapur", "code": "RAJAPUR", "districtCode": "RATNAGIRI" },
  { "name": "Chiplun", "code": "CHIPLUN", "districtCode": "RATNAGIRI" },
  { "name": "Guhagar", "code": "GUHAGAR", "districtCode": "RATNAGIRI" },
  { "name": "Dapoli", "code": "DAPOLI", "districtCode": "RATNAGIRI" },
  { "name": "Mandangad", "code": "MANDANGAD", "districtCode": "RATNAGIRI" },

  { "name": "Kudal", "code": "KUDAL", "districtCode": "SINDHUDURG" },
  { "name": "Sawantwadi", "code": "SAWANTWADI", "districtCode": "SINDHUDURG" },
  { "name": "Vengurla", "code": "VENGURLA", "districtCode": "SINDHUDURG" },
  { "name": "Malvan", "code": "MALVAN", "districtCode": "SINDHUDURG" },
  { "name": "Devgad", "code": "DEVGAD", "districtCode": "SINDHUDURG" },
  { "name": "Dodamarg", "code": "DODAMARG", "districtCode": "SINDHUDURG" },
  { "name": "Kankavli", "code": "KANKAVLI", "districtCode": "SINDHUDURG" },


  { "name": "Nagpur Urban", "code": "NAGPUR_URBAN", "districtCode": "NAGPUR" },
  { "name": "Nagpur Rural", "code": "NAGPUR_RURAL", "districtCode": "NAGPUR" },
  { "name": "Kamptee", "code": "KAMPTEE", "districtCode": "NAGPUR" },
  { "name": "Hingna", "code": "HINGNA", "districtCode": "NAGPUR" },
  { "name": "Katol", "code": "KATOL", "districtCode": "NAGPUR" },
  { "name": "Narkhed", "code": "NARKHED", "districtCode": "NAGPUR" },
  { "name": "Parseoni", "code": "PARSEONI", "districtCode": "NAGPUR" },
  { "name": "Umred", "code": "UMRED", "districtCode": "NAGPUR" },
  { "name": "Kuhi", "code": "KUHI", "districtCode": "NAGPUR" },
  { "name": "Bhiwapur", "code": "BHIWAPUR", "districtCode": "NAGPUR" },

  { "name": "Wardha", "code": "WARDHA", "districtCode": "WARDHA" },
  { "name": "Arvi", "code": "ARVI", "districtCode": "WARDHA" },
  { "name": "Ashti", "code": "ASHTI_WARDHA", "districtCode": "WARDHA" },
  { "name": "Deoli", "code": "DEOLI", "districtCode": "WARDHA" },
  { "name": "Hinganghat", "code": "HINGANGHAT", "districtCode": "WARDHA" },
  { "name": "Karanja", "code": "KARANJA", "districtCode": "WARDHA" },
  { "name": "Seloo", "code": "SELOO", "districtCode": "WARDHA" },

  { "name": "Chandrapur", "code": "CHANDRAPUR", "districtCode": "CHANDRAPUR" },
  { "name": "Ballarpur", "code": "BALLARPUR", "districtCode": "CHANDRAPUR" },
  { "name": "Brahmapuri", "code": "BRAHMAPURI", "districtCode": "CHANDRAPUR" },
  { "name": "Gondpipri", "code": "GONDPIPRI", "districtCode": "CHANDRAPUR" },
  { "name": "Mul", "code": "MUL", "districtCode": "CHANDRAPUR" },
  { "name": "Rajura", "code": "RAJURA", "districtCode": "CHANDRAPUR" },
  { "name": "Warora", "code": "WARORA", "districtCode": "CHANDRAPUR" },

  { "name": "Gadchiroli", "code": "GADCHIROLI", "districtCode": "GADCHIROLI" },
  { "name": "Aheri", "code": "AHERI", "districtCode": "GADCHIROLI" },
  { "name": "Armori", "code": "ARMORI", "districtCode": "GADCHIROLI" },
  { "name": "Chamorshi", "code": "CHAMORSHI", "districtCode": "GADCHIROLI" },
  { "name": "Dhanora", "code": "DHANORA", "districtCode": "GADCHIROLI" },
  { "name": "Etapalli", "code": "ETAPALLI", "districtCode": "GADCHIROLI" },
  { "name": "Sironcha", "code": "SIRONCHA", "districtCode": "GADCHIROLI" }
]
